DATE_TIME,LATITUDE,LONGITUDE,GEOHASH,MINIMUM_SPEED,MAXIMUM_SPEED,AVERAGE_SPEED,NUMBER_OF_VEHICLES
2024-01-01 00:00:00,41.0476684570313,29.0313720703125,sxk9s8,6,90,52,79
2024-01-01 01:00:00,41.0476684570313,29.0313720703125,sxk9s8,1,114,38,145
2024-01-01 02:00:00,41.0476684570313,29.0313720703125,sxk9s8,1,117,44,128
2024-01-01 03:00:00,41.0476684570313,29.0313720703125,sxk9s8,1,111,44,136
2024-01-01 04:00:00,41.0476684570313,29.0313720703125,sxk9s8,2,128,60,146
2024-01-01 05:00:00,41.0476684570313,29.0313720703125,sxk9s8,4,160,66,162
2024-01-01 06:00:00,41.0476684570313,29.0313720703125,sxk9s8,6,130,71,154
2024-01-01 07:00:00,41.0476684570313,29.0313720703125,sxk9s8,11,124,80,154
2024-01-01 08:00:00,41.0476684570313,29.0313720703125,sxk9s8,13,137,81,115
2024-01-01 09:00:00,41.0476684570313,29.0313720703125,sxk9s8,6,134,75,98
2024-01-01 10:00:00,41.0476684570313,29.0313720703125,sxk9s8,7,118,66,128
2024-01-01 11:00:00,41.0476684570313,29.0313720703125,sxk9s8,2,99,58,204
2024-01-01 12:00:00,41.0476684570313,29.0313720703125,sxk9s8,3,99,49,132
2024-01-01 13:00:00,41.0476684570313,29.0313720703125,sxk9s8,6,94,46,150
2024-01-01 14:00:00,41.0476684570313,29.0313720703125,sxk9s8,4,81,45,177
2024-01-01 15:00:00,41.0476684570313,29.0313720703125,sxk9s8,4,82,47,164
2024-01-01 16:00:00,41.0476684570313,29.0313720703125,sxk9s8,3,84,44,173
2024-01-01 17:00:00,41.0476684570313,29.0313720703125,sxk9s8,2,84,41,180
2024-01-01 18:00:00,41.0476684570313,29.0313720703125,sxk9s8,2,83,42,174
2024-01-01 19:00:00,41.0476684570313,29.0313720703125,sxk9s8,2,90,49,172
2024-01-01 20:00:00,41.0476684570313,29.0313720703125,sxk9s8,2,94,52,178
2024-01-01 21:00:00,41.0476684570313,29.0313720703125,sxk9s8,1,127,50,247
2024-01-01 22:00:00,41.0476684570313,29.0313720703125,sxk9s8,2,94,52,173
2024-01-01 23:00:00,41.0476684570313,29.0313720703125,sxk9s8,2,110,52,170
2024-01-03 00:00:00,41.0476684570313,29.0313720703125,sxk9s8,4,124,57,138
2024-01-03 01:00:00,41.0476684570313,29.0313720703125,sxk9s8,2,140,55,111
2024-01-03 02:00:00,41.0476684570313,29.0313720703125,sxk9s8,1,116,51,72
2024-01-03 03:00:00,41.0476684570313,29.0313720703125,sxk9s8,13,123,80,37
2024-01-03 04:00:00,41.0476684570313,29.0313720703125,sxk9s8,11,127,76,42
2024-01-03 05:00:00,41.0476684570313,29.0313720703125,sxk9s8,9,124,71,128
2024-01-03 06:00:00,41.0476684570313,29.0313720703125,sxk9s8,12,107,73,52
2024-01-03 07:00:00,41.0476684570313,29.0313720703125,sxk9s8,12,82,58,137
2024-01-03 08:00:00,41.0476684570313,29.0313720703125,sxk9s8,4,78,48,139
2024-01-03 09:00:00,41.0476684570313,29.0313720703125,sxk9s8,7,89,52,130
2024-01-03 10:00:00,41.0476684570313,29.0313720703125,sxk9s8,3,103,53,121
2024-01-03 11:00:00,41.0476684570313,29.0313720703125,sxk9s8,4,94,54,115
2024-01-03 12:00:00,41.0476684570313,29.0313720703125,sxk9s8,2,100,45,91
2024-01-03 13:00:00,41.0476684570313,29.0313720703125,sxk9s8,4,100,47,98
2024-01-03 14:00:00,41.0476684570313,29.0313720703125,sxk9s8,6,81,40,88
2024-01-03 15:00:00,41.0476684570313,29.0313720703125,sxk9s8,4,89,49,114
2024-01-03 16:00:00,41.0476684570313,29.0313720703125,sxk9s8,7,87,49,117
2024-01-03 17:00:00,41.0476684570313,29.0313720703125,sxk9s8,2,80,52,115
2024-01-03 18:00:00,41.0476684570313,29.0313720703125,sxk9s8,7,83,50,145
2024-01-03 19:00:00,41.0476684570313,29.0313720703125,sxk9s8,6,94,51,191
2024-01-03 20:00:00,41.0476684570313,29.0313720703125,sxk9s8,1,94,50,224
2024-01-03 21:00:00,41.0476684570313,29.0313720703125,sxk9s8,2,118,52,228
2024-01-03 22:00:00,41.0476684570313,29.0313720703125,sxk9s8,1,106,59,166
2024-01-03 23:00:00,41.0476684570313,29.0313720703125,sxk9s8,2,101,48,179
2024-01-04 00:00:00,41.0476684570313,29.0313720703125,sxk9s8,3,122,61,162
2024-01-04 01:00:00,41.0476684570313,29.0313720703125,sxk9s8,4,129,56,89
2024-01-04 02:00:00,41.0476684570313,29.0313720703125,sxk9s8,1,129,49,86
2024-01-04 03:00:00,41.0476684570313,29.0313720703125,sxk9s8,1,152,56,56
2024-01-04 04:00:00,41.0476684570313,29.0313720703125,sxk9s8,6,135,67,39
2024-01-04 05:00:00,41.0476684570313,29.0313720703125,sxk9s8,6,133,74,133
2024-01-04 06:00:00,41.0476684570313,29.0313720703125,sxk9s8,7,118,67,318
2024-01-04 07:00:00,41.0476684570313,29.0313720703125,sxk9s8,7,92,61,267
2024-01-04 08:00:00,41.0476684570313,29.0313720703125,sxk9s8,3,86,40,151
2024-01-04 09:00:00,41.0476684570313,29.0313720703125,sxk9s8,6,98,48,100
2024-01-04 10:00:00,41.0476684570313,29.0313720703125,sxk9s8,2,77,49,64
2024-01-04 11:00:00,41.0476684570313,29.0313720703125,sxk9s8,3,81,49,103
2024-01-04 12:00:00,41.0476684570313,29.0313720703125,sxk9s8,2,78,46,112
2024-01-04 13:00:00,41.0476684570313,29.0313720703125,sxk9s8,2,84,38,120
2024-01-04 14:00:00,41.0476684570313,29.0313720703125,sxk9s8,6,104,48,92
2024-01-04 15:00:00,41.0476684570313,29.0313720703125,sxk9s8,8,99,52,52
2024-01-04 16:00:00,41.0476684570313,29.0313720703125,sxk9s8,2,89,48,66
2024-01-04 17:00:00,41.0476684570313,29.0313720703125,sxk9s8,3,74,48,88
2024-01-04 18:00:00,41.0476684570313,29.0313720703125,sxk9s8,5,82,40,105
2024-01-04 19:00:00,41.0476684570313,29.0313720703125,sxk9s8,1,85,45,123
2024-01-04 20:00:00,41.0476684570313,29.0313720703125,sxk9s8,3,87,44,173
2024-01-04 21:00:00,41.0476684570313,29.0313720703125,sxk9s8,1,89,45,191
2024-01-04 22:00:00,41.0476684570313,29.0313720703125,sxk9s8,1,114,20,159
2024-01-04 23:00:00,41.0476684570313,29.0313720703125,sxk9s8,1,105,34,169
2024-01-05 00:00:00,41.0476684570313,29.0313720703125,sxk9s8,4,112,53,172
2024-01-05 01:00:00,41.0476684570313,29.0313720703125,sxk9s8,4,118,57,91
2024-01-05 02:00:00,41.0476684570313,29.0313720703125,sxk9s8,6,131,52,81
2024-01-05 03:00:00,41.0476684570313,29.0313720703125,sxk9s8,7,132,57,59
2024-01-05 04:00:00,41.0476684570313,29.0313720703125,sxk9s8,7,126,71,59
2024-01-05 05:00:00,41.0476684570313,29.0313720703125,sxk9s8,4,122,76,129
2024-01-05 06:00:00,41.0476684570313,29.0313720703125,sxk9s8,8,115,67,322
2024-01-05 07:00:00,41.0476684570313,29.0313720703125,sxk9s8,2,96,61,270
2024-01-05 08:00:00,41.0476684570313,29.0313720703125,sxk9s8,3,81,54,78
2024-01-05 09:00:00,41.0476684570313,29.0313720703125,sxk9s8,7,92,50,99
2024-01-05 10:00:00,41.0476684570313,29.0313720703125,sxk9s8,6,91,53,124
2024-01-05 11:00:00,41.0476684570313,29.0313720703125,sxk9s8,8,94,50,99
2024-01-05 12:00:00,41.0476684570313,29.0313720703125,sxk9s8,3,88,45,122
2024-01-05 13:00:00,41.0476684570313,29.0313720703125,sxk9s8,5,98,46,160
2024-01-05 14:00:00,41.0476684570313,29.0313720703125,sxk9s8,1,83,34,122
2024-01-05 15:00:00,41.0476684570313,29.0313720703125,sxk9s8,2,86,39,70
2024-01-05 16:00:00,41.0476684570313,29.0313720703125,sxk9s8,8,81,51,78
2024-01-05 17:00:00,41.0476684570313,29.0313720703125,sxk9s8,1,76,42,91
2024-01-05 18:00:00,41.0476684570313,29.0313720703125,sxk9s8,2,89,46,122
2024-01-05 19:00:00,41.0476684570313,29.0313720703125,sxk9s8,4,138,56,125
2024-01-05 20:00:00,41.0476684570313,29.0313720703125,sxk9s8,2,100,48,198
2024-01-05 21:00:00,41.0476684570313,29.0313720703125,sxk9s8,2,104,49,213
2024-01-05 22:00:00,41.0476684570313,29.0313720703125,sxk9s8,2,101,49,181
2024-01-05 23:00:00,41.0476684570313,29.0313720703125,sxk9s8,1,92,50,251
2024-01-06 00:00:00,41.0476684570313,29.0313720703125,sxk9s8,2,109,54,198
2024-01-06 01:00:00,41.0476684570313,29.0313720703125,sxk9s8,3,107,47,114
2024-01-06 02:00:00,41.0476684570313,29.0313720703125,sxk9s8,3,160,44,109
2024-01-06 03:00:00,41.0476684570313,29.0313720703125,sxk9s8,3,130,58,61
2024-01-06 04:00:00,41.0476684570313,29.0313720703125,sxk9s8,8,135,66,70
2024-01-06 05:00:00,41.0476684570313,29.0313720703125,sxk9s8,8,142,77,104
2024-01-06 06:00:00,41.0476684570313,29.0313720703125,sxk9s8,6,122,69,95
2024-01-06 07:00:00,41.0476684570313,29.0313720703125,sxk9s8,8,121,75,150
2024-01-06 08:00:00,41.0476684570313,29.0313720703125,sxk9s8,6,102,63,151
2024-01-06 09:00:00,41.0476684570313,29.0313720703125,sxk9s8,3,109,57,141
2024-01-06 10:00:00,41.0476684570313,29.0313720703125,sxk9s8,1,100,44,119
2024-01-06 11:00:00,41.0476684570313,29.0313720703125,sxk9s8,4,82,47,148
2024-01-06 12:00:00,41.0476684570313,29.0313720703125,sxk9s8,1,78,43,139
2024-01-06 13:00:00,41.0476684570313,29.0313720703125,sxk9s8,6,99,47,145
2024-01-06 14:00:00,41.0476684570313,29.0313720703125,sxk9s8,3,91,44,128
2024-01-06 15:00:00,41.0476684570313,29.0313720703125,sxk9s8,3,82,45,146
2024-01-06 16:00:00,41.0476684570313,29.0313720703125,sxk9s8,2,84,47,146
2024-01-06 17:00:00,41.0476684570313,29.0313720703125,sxk9s8,4,80,46,160
2024-01-06 18:00:00,41.0476684570313,29.0313720703125,sxk9s8,2,83,42,172
2024-01-06 19:00:00,41.0476684570313,29.0313720703125,sxk9s8,3,82,44,197
2024-01-06 20:00:00,41.0476684570313,29.0313720703125,sxk9s8,3,87,47,210
2024-01-06 21:00:00,41.0476684570313,29.0313720703125,sxk9s8,2,105,45,210
2024-01-06 22:00:00,41.0476684570313,29.0313720703125,sxk9s8,4,103,48,191
2024-01-06 23:00:00,41.0476684570313,29.0313720703125,sxk9s8,4,131,44,178
2024-01-07 00:00:00,41.0476684570313,29.0313720703125,sxk9s8,2,109,36,176
2024-01-07 01:00:00,41.0476684570313,29.0313720703125,sxk9s8,2,103,45,133
2024-01-07 02:00:00,41.0476684570313,29.0313720703125,sxk9s8,3,149,53,106
2024-01-07 03:00:00,41.0476684570313,29.0313720703125,sxk9s8,4,125,49,79
2024-01-07 04:00:00,41.0476684570313,29.0313720703125,sxk9s8,3,134,60,85
2024-01-07 05:00:00,41.0476684570313,29.0313720703125,sxk9s8,6,141,71,109
2024-01-07 06:00:00,41.0476684570313,29.0313720703125,sxk9s8,8,148,73,70
2024-01-07 07:00:00,41.0476684570313,29.0313720703125,sxk9s8,10,130,72,130
2024-01-07 08:00:00,41.0476684570313,29.0313720703125,sxk9s8,10,109,70,145
2024-01-07 09:00:00,41.0476684570313,29.0313720703125,sxk9s8,8,101,57,133
2024-01-07 10:00:00,41.0476684570313,29.0313720703125,sxk9s8,10,86,48,109
2024-01-07 11:00:00,41.0476684570313,29.0313720703125,sxk9s8,5,82,44,186
2024-01-07 12:00:00,41.0476684570313,29.0313720703125,sxk9s8,3,91,45,175
2024-01-07 13:00:00,41.0476684570313,29.0313720703125,sxk9s8,4,102,46,186
2024-01-07 14:00:00,41.0476684570313,29.0313720703125,sxk9s8,1,85,46,203
2024-01-07 15:00:00,41.0476684570313,29.0313720703125,sxk9s8,6,83,47,181
2024-01-07 16:00:00,41.0476684570313,29.0313720703125,sxk9s8,3,88,46,192
2024-01-07 17:00:00,41.0476684570313,29.0313720703125,sxk9s8,1,78,47,180
2024-01-07 18:00:00,41.0476684570313,29.0313720703125,sxk9s8,3,86,46,167
2024-01-07 19:00:00,41.0476684570313,29.0313720703125,sxk9s8,4,83,41,161
2024-01-07 20:00:00,41.0476684570313,29.0313720703125,sxk9s8,1,85,38,179
2024-01-07 21:00:00,41.0476684570313,29.0313720703125,sxk9s8,4,92,43,193
2024-01-07 22:00:00,41.0476684570313,29.0313720703125,sxk9s8,2,88,38,209
2024-01-07 23:00:00,41.0476684570313,29.0313720703125,sxk9s8,4,94,44,195
2024-01-01 00:00:00,41.0916137695313,29.0643310546875,sxk9v2,3,138,68,180
2024-01-01 01:00:00,41.0916137695313,29.0643310546875,sxk9v2,8,135,83,154
2024-01-01 02:00:00,41.0916137695313,29.0643310546875,sxk9v2,16,139,97,99
2024-01-01 03:00:00,41.0916137695313,29.0643310546875,sxk9v2,26,153,99,63
2024-01-01 04:00:00,41.0916137695313,29.0643310546875,sxk9v2,21,134,92,55
2024-01-01 05:00:00,41.0916137695313,29.0643310546875,sxk9v2,23,175,90,115
2024-01-01 06:00:00,41.0916137695313,29.0643310546875,sxk9v2,6,151,92,81
2024-01-01 07:00:00,41.0916137695313,29.0643310546875,sxk9v2,11,167,88,139
2024-01-01 08:00:00,41.0916137695313,29.0643310546875,sxk9v2,13,178,93,129
2024-01-01 09:00:00,41.0916137695313,29.0643310546875,sxk9v2,11,153,93,128
2024-01-01 10:00:00,41.0916137695313,29.0643310546875,sxk9v2,30,155,96,136
2024-01-01 11:00:00,41.0916137695313,29.0643310546875,sxk9v2,11,164,88,156
2024-01-01 12:00:00,41.0916137695313,29.0643310546875,sxk9v2,20,127,81,85
2024-01-01 13:00:00,41.0916137695313,29.0643310546875,sxk9v2,11,109,74,185
2024-01-01 14:00:00,41.0916137695313,29.0643310546875,sxk9v2,14,115,59,285
2024-01-01 15:00:00,41.0916137695313,29.0643310546875,sxk9v2,8,94,54,255
2024-01-01 16:00:00,41.0916137695313,29.0643310546875,sxk9v2,10,103,54,283
2024-01-01 17:00:00,41.0916137695313,29.0643310546875,sxk9v2,7,91,51,307
2024-01-01 18:00:00,41.0916137695313,29.0643310546875,sxk9v2,4,108,48,224
2024-01-01 19:00:00,41.0916137695313,29.0643310546875,sxk9v2,6,128,52,215
2024-01-01 20:00:00,41.0916137695313,29.0643310546875,sxk9v2,6,122,58,234
2024-01-01 21:00:00,41.0916137695313,29.0643310546875,sxk9v2,4,125,55,256
2024-01-01 22:00:00,41.0916137695313,29.0643310546875,sxk9v2,9,127,61,205
2024-01-01 23:00:00,41.0916137695313,29.0643310546875,sxk9v2,13,139,82,192
2024-01-03 00:00:00,41.0916137695313,29.0643310546875,sxk9v2,15,151,89,127
2024-01-03 01:00:00,41.0916137695313,29.0643310546875,sxk9v2,20,161,91,93
2024-01-03 02:00:00,41.0916137695313,29.0643310546875,sxk9v2,34,180,107,64
2024-01-03 03:00:00,41.0916137695313,29.0643310546875,sxk9v2,57,155,95,42
2024-01-03 04:00:00,41.0916137695313,29.0643310546875,sxk9v2,27,141,94,88
2024-01-03 05:00:00,41.0916137695313,29.0643310546875,sxk9v2,21,163,95,228
2024-01-03 06:00:00,41.0916137695313,29.0643310546875,sxk9v2,20,130,91,89
2024-01-03 07:00:00,41.0916137695313,29.0643310546875,sxk9v2,26,128,67,221
2024-01-03 08:00:00,41.0916137695313,29.0643310546875,sxk9v2,5,119,59,240
2024-01-03 09:00:00,41.0916137695313,29.0643310546875,sxk9v2,16,113,62,268
2024-01-03 10:00:00,41.0916137695313,29.0643310546875,sxk9v2,2,140,67,270
2024-01-03 11:00:00,41.0916137695313,29.0643310546875,sxk9v2,17,112,65,243
2024-01-03 12:00:00,41.0916137695313,29.0643310546875,sxk9v2,21,115,63,203
2024-01-03 13:00:00,41.0916137695313,29.0643310546875,sxk9v2,20,102,60,161
2024-01-03 14:00:00,41.0916137695313,29.0643310546875,sxk9v2,13,112,72,177
2024-01-03 15:00:00,41.0916137695313,29.0643310546875,sxk9v2,8,127,65,205
2024-01-03 16:00:00,41.0916137695313,29.0643310546875,sxk9v2,6,108,71,195
2024-01-03 17:00:00,41.0916137695313,29.0643310546875,sxk9v2,7,92,51,229
2024-01-03 18:00:00,41.0916137695313,29.0643310546875,sxk9v2,12,96,51,260
2024-01-03 19:00:00,41.0916137695313,29.0643310546875,sxk9v2,2,121,53,372
2024-01-03 20:00:00,41.0916137695313,29.0643310546875,sxk9v2,17,124,75,312
2024-01-03 21:00:00,41.0916137695313,29.0643310546875,sxk9v2,10,133,85,295
2024-01-03 22:00:00,41.0916137695313,29.0643310546875,sxk9v2,19,136,89,170
2024-01-03 23:00:00,41.0916137695313,29.0643310546875,sxk9v2,30,139,96,151
2024-01-04 00:00:00,41.0916137695313,29.0643310546875,sxk9v2,20,143,96,133
2024-01-04 01:00:00,41.0916137695313,29.0643310546875,sxk9v2,15,152,90,90
2024-01-04 02:00:00,41.0916137695313,29.0643310546875,sxk9v2,34,163,96,63
2024-01-04 03:00:00,41.0916137695313,29.0643310546875,sxk9v2,26,152,100,60
2024-01-04 04:00:00,41.0916137695313,29.0643310546875,sxk9v2,13,160,91,90
2024-01-04 05:00:00,41.0916137695313,29.0643310546875,sxk9v2,13,163,93,222
2024-01-04 06:00:00,41.0916137695313,29.0643310546875,sxk9v2,8,138,80,486
2024-01-04 07:00:00,41.0916137695313,29.0643310546875,sxk9v2,12,127,68,338
2024-01-04 08:00:00,41.0916137695313,29.0643310546875,sxk9v2,14,123,72,247
2024-01-04 09:00:00,41.0916137695313,29.0643310546875,sxk9v2,13,130,69,210
2024-01-04 10:00:00,41.0916137695313,29.0643310546875,sxk9v2,24,138,70,139
2024-01-04 11:00:00,41.0916137695313,29.0643310546875,sxk9v2,8,124,64,224
2024-01-04 12:00:00,41.0916137695313,29.0643310546875,sxk9v2,11,113,64,205
2024-01-04 13:00:00,41.0916137695313,29.0643310546875,sxk9v2,12,106,65,224
2024-01-04 14:00:00,41.0916137695313,29.0643310546875,sxk9v2,2,101,66,164
2024-01-04 15:00:00,41.0916137695313,29.0643310546875,sxk9v2,4,122,64,88
2024-01-04 16:00:00,41.0916137695313,29.0643310546875,sxk9v2,5,105,60,155
2024-01-04 17:00:00,41.0916137695313,29.0643310546875,sxk9v2,3,105,49,165
2024-01-04 18:00:00,41.0916137695313,29.0643310546875,sxk9v2,1,123,43,193
2024-01-04 19:00:00,41.0916137695313,29.0643310546875,sxk9v2,2,119,55,217
2024-01-04 20:00:00,41.0916137695313,29.0643310546875,sxk9v2,24,126,65,223
2024-01-04 21:00:00,41.0916137695313,29.0643310546875,sxk9v2,10,137,65,257
2024-01-04 22:00:00,41.0916137695313,29.0643310546875,sxk9v2,24,149,77,252
2024-01-04 23:00:00,41.0916137695313,29.0643310546875,sxk9v2,4,128,83,231
2024-01-05 00:00:00,41.0916137695313,29.0643310546875,sxk9v2,3,173,88,162
2024-01-05 01:00:00,41.0916137695313,29.0643310546875,sxk9v2,17,185,90,86
2024-01-05 02:00:00,41.0916137695313,29.0643310546875,sxk9v2,39,151,102,67
2024-01-05 03:00:00,41.0916137695313,29.0643310546875,sxk9v2,23,172,98,67
2024-01-05 04:00:00,41.0916137695313,29.0643310546875,sxk9v2,16,170,100,91
2024-01-05 05:00:00,41.0916137695313,29.0643310546875,sxk9v2,24,229,94,250
2024-01-05 06:00:00,41.0916137695313,29.0643310546875,sxk9v2,7,155,78,409
2024-01-05 07:00:00,41.0916137695313,29.0643310546875,sxk9v2,14,125,72,348
2024-01-05 08:00:00,41.0916137695313,29.0643310546875,sxk9v2,15,121,69,115
2024-01-05 09:00:00,41.0916137695313,29.0643310546875,sxk9v2,26,126,73,202
2024-01-05 10:00:00,41.0916137695313,29.0643310546875,sxk9v2,5,105,70,195
2024-01-05 11:00:00,41.0916137695313,29.0643310546875,sxk9v2,12,102,66,151
2024-01-05 12:00:00,41.0916137695313,29.0643310546875,sxk9v2,13,102,66,203
2024-01-05 13:00:00,41.0916137695313,29.0643310546875,sxk9v2,9,124,67,276
2024-01-05 14:00:00,41.0916137695313,29.0643310546875,sxk9v2,26,121,77,146
2024-01-05 15:00:00,41.0916137695313,29.0643310546875,sxk9v2,2,102,59,104
2024-01-05 16:00:00,41.0916137695313,29.0643310546875,sxk9v2,6,107,51,188
2024-01-05 17:00:00,41.0916137695313,29.0643310546875,sxk9v2,3,81,43,220
2024-01-05 18:00:00,41.0916137695313,29.0643310546875,sxk9v2,2,101,49,289
2024-01-05 19:00:00,41.0916137695313,29.0643310546875,sxk9v2,3,142,57,286
2024-01-05 20:00:00,41.0916137695313,29.0643310546875,sxk9v2,18,126,65,350
2024-01-05 21:00:00,41.0916137695313,29.0643310546875,sxk9v2,6,144,77,344
2024-01-05 22:00:00,41.0916137695313,29.0643310546875,sxk9v2,17,136,84,251
2024-01-05 23:00:00,41.0916137695313,29.0643310546875,sxk9v2,18,138,85,242
2024-01-06 00:00:00,41.0916137695313,29.0643310546875,sxk9v2,11,147,93,204
2024-01-06 01:00:00,41.0916137695313,29.0643310546875,sxk9v2,10,135,96,120
2024-01-06 02:00:00,41.0916137695313,29.0643310546875,sxk9v2,2,157,96,99
2024-01-06 03:00:00,41.0916137695313,29.0643310546875,sxk9v2,26,156,104,59
2024-01-06 04:00:00,41.0916137695313,29.0643310546875,sxk9v2,15,147,89,77
2024-01-06 05:00:00,41.0916137695313,29.0643310546875,sxk9v2,25,168,93,179
2024-01-06 06:00:00,41.0916137695313,29.0643310546875,sxk9v2,22,139,91,171
2024-01-06 07:00:00,41.0916137695313,29.0643310546875,sxk9v2,11,137,92,281
2024-01-06 08:00:00,41.0916137695313,29.0643310546875,sxk9v2,20,135,89,271
2024-01-06 09:00:00,41.0916137695313,29.0643310546875,sxk9v2,13,137,85,246
2024-01-06 10:00:00,41.0916137695313,29.0643310546875,sxk9v2,26,133,70,263
2024-01-06 11:00:00,41.0916137695313,29.0643310546875,sxk9v2,17,107,69,231
2024-01-06 12:00:00,41.0916137695313,29.0643310546875,sxk9v2,4,106,63,247
2024-01-06 13:00:00,41.0916137695313,29.0643310546875,sxk9v2,19,108,66,303
2024-01-06 14:00:00,41.0916137695313,29.0643310546875,sxk9v2,18,119,63,227
2024-01-06 15:00:00,41.0916137695313,29.0643310546875,sxk9v2,3,89,53,269
2024-01-06 16:00:00,41.0916137695313,29.0643310546875,sxk9v2,15,91,55,266
2024-01-06 17:00:00,41.0916137695313,29.0643310546875,sxk9v2,3,95,51,318
2024-01-06 18:00:00,41.0916137695313,29.0643310546875,sxk9v2,3,103,49,314
2024-01-06 19:00:00,41.0916137695313,29.0643310546875,sxk9v2,3,99,50,306
2024-01-06 20:00:00,41.0916137695313,29.0643310546875,sxk9v2,1,129,66,266
2024-01-06 21:00:00,41.0916137695313,29.0643310546875,sxk9v2,4,121,76,305
2024-01-06 22:00:00,41.0916137695313,29.0643310546875,sxk9v2,1,128,77,276
2024-01-06 23:00:00,41.0916137695313,29.0643310546875,sxk9v2,2,131,79,293
2024-01-07 00:00:00,41.0916137695313,29.0643310546875,sxk9v2,11,132,90,228
2024-01-07 01:00:00,41.0916137695313,29.0643310546875,sxk9v2,23,149,95,133
2024-01-07 02:00:00,41.0916137695313,29.0643310546875,sxk9v2,11,159,97,90
2024-01-07 03:00:00,41.0916137695313,29.0643310546875,sxk9v2,8,159,105,57
2024-01-07 04:00:00,41.0916137695313,29.0643310546875,sxk9v2,33,224,98,63
2024-01-07 05:00:00,41.0916137695313,29.0643310546875,sxk9v2,27,164,96,110
2024-01-07 06:00:00,41.0916137695313,29.0643310546875,sxk9v2,15,153,91,73
2024-01-07 07:00:00,41.0916137695313,29.0643310546875,sxk9v2,9,143,88,178
2024-01-07 08:00:00,41.0916137695313,29.0643310546875,sxk9v2,10,141,88,187
2024-01-07 09:00:00,41.0916137695313,29.0643310546875,sxk9v2,6,145,80,129
2024-01-07 10:00:00,41.0916137695313,29.0643310546875,sxk9v2,17,119,74,151
2024-01-07 11:00:00,41.0916137695313,29.0643310546875,sxk9v2,11,107,70,267
2024-01-07 12:00:00,41.0916137695313,29.0643310546875,sxk9v2,6,97,54,262
2024-01-07 13:00:00,41.0916137695313,29.0643310546875,sxk9v2,7,89,51,302
2024-01-07 14:00:00,41.0916137695313,29.0643310546875,sxk9v2,10,98,54,321
2024-01-07 15:00:00,41.0916137695313,29.0643310546875,sxk9v2,4,110,59,312
2024-01-07 16:00:00,41.0916137695313,29.0643310546875,sxk9v2,7,117,63,293
2024-01-07 17:00:00,41.0916137695313,29.0643310546875,sxk9v2,10,119,61,281
2024-01-07 18:00:00,41.0916137695313,29.0643310546875,sxk9v2,6,99,53,287
2024-01-07 19:00:00,41.0916137695313,29.0643310546875,sxk9v2,9,107,56,266
2024-01-07 20:00:00,41.0916137695313,29.0643310546875,sxk9v2,7,114,65,265
2024-01-07 21:00:00,41.0916137695313,29.0643310546875,sxk9v2,21,133,72,300
2024-01-07 22:00:00,41.0916137695313,29.0643310546875,sxk9v2,5,115,63,254
2024-01-07 23:00:00,41.0916137695313,29.0643310546875,sxk9v2,17,129,85,198
2024-01-01 00:00:00,41.2069702148438,29.1082763671875,sxkdqm,78,193,100,19
2024-01-01 01:00:00,41.2069702148438,29.1082763671875,sxkdqm,76,125,91,23
2024-01-01 02:00:00,41.2069702148438,29.1082763671875,sxkdqm,68,124,87,19
2024-01-01 03:00:00,41.2069702148438,29.1082763671875,sxkdqm,75,106,89,10
2024-01-01 04:00:00,41.2069702148438,29.1082763671875,sxkdqm,61,141,95,15
2024-01-01 05:00:00,41.2069702148438,29.1082763671875,sxkdqm,86,122,99,16
2024-01-01 06:00:00,41.2069702148438,29.1082763671875,sxkdqm,78,113,96,22
2024-01-01 07:00:00,41.2069702148438,29.1082763671875,sxkdqm,66,124,96,29
2024-01-01 08:00:00,41.2069702148438,29.1082763671875,sxkdqm,65,159,97,33
2024-01-01 09:00:00,41.2069702148438,29.1082763671875,sxkdqm,39,203,98,29
2024-01-01 10:00:00,41.2069702148438,29.1082763671875,sxkdqm,83,123,100,38
2024-01-01 11:00:00,41.2069702148438,29.1082763671875,sxkdqm,67,182,95,50
2024-01-01 12:00:00,41.2069702148438,29.1082763671875,sxkdqm,75,136,94,28
2024-01-01 13:00:00,41.2069702148438,29.1082763671875,sxkdqm,70,127,94,43
2024-01-01 14:00:00,41.2069702148438,29.1082763671875,sxkdqm,30,149,100,67
2024-01-01 15:00:00,41.2069702148438,29.1082763671875,sxkdqm,68,187,110,81
2024-01-01 16:00:00,41.2069702148438,29.1082763671875,sxkdqm,68,172,105,97
2024-01-01 17:00:00,41.2069702148438,29.1082763671875,sxkdqm,75,151,104,97
2024-01-01 18:00:00,41.2069702148438,29.1082763671875,sxkdqm,65,154,100,92
2024-01-01 19:00:00,41.2069702148438,29.1082763671875,sxkdqm,61,169,99,90
2024-01-01 20:00:00,41.2069702148438,29.1082763671875,sxkdqm,65,141,98,87
2024-01-01 21:00:00,41.2069702148438,29.1082763671875,sxkdqm,66,181,95,79
2024-01-01 22:00:00,41.2069702148438,29.1082763671875,sxkdqm,46,180,95,71
2024-01-01 23:00:00,41.2069702148438,29.1082763671875,sxkdqm,57,138,89,66
2024-01-03 00:00:00,41.2069702148438,29.1082763671875,sxkdqm,68,150,88,112
2024-01-03 01:00:00,41.2069702148438,29.1082763671875,sxkdqm,48,117,86,90
2024-01-03 02:00:00,41.2069702148438,29.1082763671875,sxkdqm,71,126,89,56
2024-01-03 03:00:00,41.2069702148438,29.1082763671875,sxkdqm,60,112,85,38
2024-01-03 04:00:00,41.2069702148438,29.1082763671875,sxkdqm,58,111,85,68
2024-01-03 05:00:00,41.2069702148438,29.1082763671875,sxkdqm,61,163,89,61
2024-01-03 06:00:00,41.2069702148438,29.1082763671875,sxkdqm,70,111,90,25
2024-01-03 07:00:00,41.2069702148438,29.1082763671875,sxkdqm,23,161,99,33
2024-01-03 08:00:00,41.2069702148438,29.1082763671875,sxkdqm,70,154,102,58
2024-01-03 09:00:00,41.2069702148438,29.1082763671875,sxkdqm,23,163,100,98
2024-01-03 10:00:00,41.2069702148438,29.1082763671875,sxkdqm,62,153,92,107
2024-01-03 11:00:00,41.2069702148438,29.1082763671875,sxkdqm,58,149,91,103
2024-01-03 12:00:00,41.2069702148438,29.1082763671875,sxkdqm,68,169,94,71
2024-01-03 13:00:00,41.2069702148438,29.1082763671875,sxkdqm,57,142,87,54
2024-01-03 14:00:00,41.2069702148438,29.1082763671875,sxkdqm,56,148,89,50
2024-01-03 15:00:00,41.2069702148438,29.1082763671875,sxkdqm,63,167,88,58
2024-01-03 16:00:00,41.2069702148438,29.1082763671875,sxkdqm,72,155,100,70
2024-01-03 17:00:00,41.2069702148438,29.1082763671875,sxkdqm,30,179,97,75
2024-01-03 18:00:00,41.2069702148438,29.1082763671875,sxkdqm,50,145,95,104
2024-01-03 19:00:00,41.2069702148438,29.1082763671875,sxkdqm,60,166,93,162
2024-01-03 20:00:00,41.2069702148438,29.1082763671875,sxkdqm,56,144,87,152
2024-01-03 21:00:00,41.2069702148438,29.1082763671875,sxkdqm,22,143,88,167
2024-01-03 22:00:00,41.2069702148438,29.1082763671875,sxkdqm,59,147,85,104
2024-01-03 23:00:00,41.2069702148438,29.1082763671875,sxkdqm,66,135,87,100
2024-01-04 00:00:00,41.2069702148438,29.1082763671875,sxkdqm,59,153,86,103
2024-01-04 01:00:00,41.2069702148438,29.1082763671875,sxkdqm,57,170,86,87
2024-01-04 02:00:00,41.2069702148438,29.1082763671875,sxkdqm,58,119,85,80
2024-01-04 03:00:00,41.2069702148438,29.1082763671875,sxkdqm,54,107,85,66
2024-01-04 04:00:00,41.2069702148438,29.1082763671875,sxkdqm,68,113,83,51
2024-01-04 05:00:00,41.2069702148438,29.1082763671875,sxkdqm,67,128,90,76
2024-01-04 06:00:00,41.2069702148438,29.1082763671875,sxkdqm,65,123,89,59
2024-01-04 07:00:00,41.2069702148438,29.1082763671875,sxkdqm,50,144,93,54
2024-01-04 08:00:00,41.2069702148438,29.1082763671875,sxkdqm,69,173,103,59
2024-01-04 09:00:00,41.2069702148438,29.1082763671875,sxkdqm,66,153,104,74
2024-01-04 10:00:00,41.2069702148438,29.1082763671875,sxkdqm,71,144,96,43
2024-01-04 11:00:00,41.2069702148438,29.1082763671875,sxkdqm,11,154,88,78
2024-01-04 12:00:00,41.2069702148438,29.1082763671875,sxkdqm,61,176,92,82
2024-01-04 13:00:00,41.2069702148438,29.1082763671875,sxkdqm,67,139,90,70
2024-01-04 14:00:00,41.2069702148438,29.1082763671875,sxkdqm,55,132,85,70
2024-01-04 15:00:00,41.2069702148438,29.1082763671875,sxkdqm,65,135,89,26
2024-01-04 16:00:00,41.2069702148438,29.1082763671875,sxkdqm,66,143,98,45
2024-01-04 17:00:00,41.2069702148438,29.1082763671875,sxkdqm,68,135,94,67
2024-01-04 18:00:00,41.2069702148438,29.1082763671875,sxkdqm,51,145,94,70
2024-01-04 19:00:00,41.2069702148438,29.1082763671875,sxkdqm,62,155,94,83
2024-01-04 20:00:00,41.2069702148438,29.1082763671875,sxkdqm,65,176,94,108
2024-01-04 21:00:00,41.2069702148438,29.1082763671875,sxkdqm,55,135,87,120
2024-01-04 22:00:00,41.2069702148438,29.1082763671875,sxkdqm,44,137,86,105
2024-01-04 23:00:00,41.2069702148438,29.1082763671875,sxkdqm,66,122,85,93
2024-01-05 00:00:00,41.2069702148438,29.1082763671875,sxkdqm,60,135,85,124
2024-01-05 01:00:00,41.2069702148438,29.1082763671875,sxkdqm,59,126,87,96
2024-01-05 02:00:00,41.2069702148438,29.1082763671875,sxkdqm,65,131,86,85
2024-01-05 03:00:00,41.2069702148438,29.1082763671875,sxkdqm,64,141,86,66
2024-01-05 04:00:00,41.2069702148438,29.1082763671875,sxkdqm,66,117,85,54
2024-01-05 05:00:00,41.2069702148438,29.1082763671875,sxkdqm,70,124,87,72
2024-01-05 06:00:00,41.2069702148438,29.1082763671875,sxkdqm,68,129,90,75
2024-01-05 07:00:00,41.2069702148438,29.1082763671875,sxkdqm,57,147,96,53
2024-01-05 08:00:00,41.2069702148438,29.1082763671875,sxkdqm,62,168,96,42
2024-01-05 09:00:00,41.2069702148438,29.1082763671875,sxkdqm,74,141,96,48
2024-01-05 10:00:00,41.2069702148438,29.1082763671875,sxkdqm,66,147,91,79
2024-01-05 11:00:00,41.2069702148438,29.1082763671875,sxkdqm,64,127,93,65
2024-01-05 12:00:00,41.2069702148438,29.1082763671875,sxkdqm,35,142,90,81
2024-01-05 13:00:00,41.2069702148438,29.1082763671875,sxkdqm,63,129,87,90
2024-01-05 14:00:00,41.2069702148438,29.1082763671875,sxkdqm,67,136,93,51
2024-01-05 15:00:00,41.2069702148438,29.1082763671875,sxkdqm,68,121,88,34
2024-01-05 16:00:00,41.2069702148438,29.1082763671875,sxkdqm,65,149,90,62
2024-01-05 17:00:00,41.2069702148438,29.1082763671875,sxkdqm,71,162,97,88
2024-01-05 18:00:00,41.2069702148438,29.1082763671875,sxkdqm,56,150,97,110
2024-01-05 19:00:00,41.2069702148438,29.1082763671875,sxkdqm,56,154,90,147
2024-01-05 20:00:00,41.2069702148438,29.1082763671875,sxkdqm,61,146,89,167
2024-01-05 21:00:00,41.2069702148438,29.1082763671875,sxkdqm,53,162,89,158
2024-01-05 22:00:00,41.2069702148438,29.1082763671875,sxkdqm,56,136,87,112
2024-01-05 23:00:00,41.2069702148438,29.1082763671875,sxkdqm,23,171,88,124
2024-01-06 00:00:00,41.2069702148438,29.1082763671875,sxkdqm,55,141,87,95
2024-01-06 01:00:00,41.2069702148438,29.1082763671875,sxkdqm,62,135,86,90
2024-01-06 02:00:00,41.2069702148438,29.1082763671875,sxkdqm,58,113,86,78
2024-01-06 03:00:00,41.2069702148438,29.1082763671875,sxkdqm,63,134,85,49
2024-01-06 04:00:00,41.2069702148438,29.1082763671875,sxkdqm,69,113,86,52
2024-01-06 05:00:00,41.2069702148438,29.1082763671875,sxkdqm,71,147,91,62
2024-01-06 06:00:00,41.2069702148438,29.1082763671875,sxkdqm,61,137,85,69
2024-01-06 07:00:00,41.2069702148438,29.1082763671875,sxkdqm,57,134,89,70
2024-01-06 08:00:00,41.2069702148438,29.1082763671875,sxkdqm,24,159,91,69
2024-01-06 09:00:00,41.2069702148438,29.1082763671875,sxkdqm,65,134,88,87
2024-01-06 10:00:00,41.2069702148438,29.1082763671875,sxkdqm,58,132,89,83
2024-01-06 11:00:00,41.2069702148438,29.1082763671875,sxkdqm,66,137,90,99
2024-01-06 12:00:00,41.2069702148438,29.1082763671875,sxkdqm,55,139,84,112
2024-01-06 13:00:00,41.2069702148438,29.1082763671875,sxkdqm,62,139,89,121
2024-01-06 14:00:00,41.2069702148438,29.1082763671875,sxkdqm,66,143,92,111
2024-01-06 15:00:00,41.2069702148438,29.1082763671875,sxkdqm,53,132,92,114
2024-01-06 16:00:00,41.2069702148438,29.1082763671875,sxkdqm,66,139,90,129
2024-01-06 17:00:00,41.2069702148438,29.1082763671875,sxkdqm,63,146,91,135
2024-01-06 18:00:00,41.2069702148438,29.1082763671875,sxkdqm,56,146,92,150
2024-01-06 19:00:00,41.2069702148438,29.1082763671875,sxkdqm,55,164,94,127
2024-01-06 20:00:00,41.2069702148438,29.1082763671875,sxkdqm,54,143,88,104
2024-01-06 21:00:00,41.2069702148438,29.1082763671875,sxkdqm,54,146,90,96
2024-01-06 22:00:00,41.2069702148438,29.1082763671875,sxkdqm,42,162,87,78
2024-01-06 23:00:00,41.2069702148438,29.1082763671875,sxkdqm,34,126,87,50
2024-01-07 00:00:00,41.2069702148438,29.1082763671875,sxkdqm,65,121,93,48
2024-01-07 01:00:00,41.2069702148438,29.1082763671875,sxkdqm,50,119,90,39
2024-01-07 02:00:00,41.2069702148438,29.1082763671875,sxkdqm,69,134,89,27
2024-01-07 03:00:00,41.2069702148438,29.1082763671875,sxkdqm,63,125,83,18
2024-01-07 04:00:00,41.2069702148438,29.1082763671875,sxkdqm,77,117,94,19
2024-01-07 05:00:00,41.2069702148438,29.1082763671875,sxkdqm,68,154,97,37
2024-01-07 06:00:00,41.2069702148438,29.1082763671875,sxkdqm,70,132,96,19
2024-01-07 07:00:00,41.2069702148438,29.1082763671875,sxkdqm,32,168,95,45
2024-01-07 08:00:00,41.2069702148438,29.1082763671875,sxkdqm,58,164,94,47
2024-01-07 09:00:00,41.2069702148438,29.1082763671875,sxkdqm,64,123,89,31
2024-01-07 10:00:00,41.2069702148438,29.1082763671875,sxkdqm,53,117,93,33
2024-01-07 11:00:00,41.2069702148438,29.1082763671875,sxkdqm,60,145,92,57
2024-01-07 12:00:00,41.2069702148438,29.1082763671875,sxkdqm,47,145,88,78
2024-01-07 13:00:00,41.2069702148438,29.1082763671875,sxkdqm,54,169,90,86
2024-01-07 14:00:00,41.2069702148438,29.1082763671875,sxkdqm,51,147,95,67
2024-01-07 15:00:00,41.2069702148438,29.1082763671875,sxkdqm,45,160,97,71
2024-01-07 16:00:00,41.2069702148438,29.1082763671875,sxkdqm,70,183,102,89
2024-01-07 17:00:00,41.2069702148438,29.1082763671875,sxkdqm,68,146,96,83
2024-01-07 18:00:00,41.2069702148438,29.1082763671875,sxkdqm,75,143,101,69
2024-01-07 19:00:00,41.2069702148438,29.1082763671875,sxkdqm,65,162,94,81
2024-01-07 20:00:00,41.2069702148438,29.1082763671875,sxkdqm,62,155,91,96
2024-01-07 21:00:00,41.2069702148438,29.1082763671875,sxkdqm,64,129,91,99
2024-01-07 22:00:00,41.2069702148438,29.1082763671875,sxkdqm,41,132,87,95
2024-01-07 23:00:00,41.2069702148438,29.1082763671875,sxkdqm,54,133,86,107
2024-01-01 00:00:00,41.2014770507813,29.1082763671875,sxkdqk,68,132,93,24
2024-01-01 01:00:00,41.2014770507813,29.1082763671875,sxkdqk,77,112,91,23
2024-01-01 02:00:00,41.2014770507813,29.1082763671875,sxkdqk,74,101,86,16
2024-01-01 03:00:00,41.2014770507813,29.1082763671875,sxkdqk,79,114,90,12
2024-01-01 04:00:00,41.2014770507813,29.1082763671875,sxkdqk,73,133,94,16
2024-01-01 05:00:00,41.2014770507813,29.1082763671875,sxkdqk,80,121,99,17
2024-01-01 06:00:00,41.2014770507813,29.1082763671875,sxkdqk,66,126,94,24
2024-01-01 07:00:00,41.2014770507813,29.1082763671875,sxkdqk,70,125,96,31
2024-01-01 08:00:00,41.2014770507813,29.1082763671875,sxkdqk,67,146,97,30
2024-01-01 09:00:00,41.2014770507813,29.1082763671875,sxkdqk,73,117,95,33
2024-01-01 10:00:00,41.2014770507813,29.1082763671875,sxkdqk,65,127,99,42
2024-01-01 11:00:00,41.2014770507813,29.1082763671875,sxkdqk,68,184,98,45
2024-01-01 12:00:00,41.2014770507813,29.1082763671875,sxkdqk,73,143,98,23
2024-01-01 13:00:00,41.2014770507813,29.1082763671875,sxkdqk,79,163,96,37
2024-01-01 14:00:00,41.2014770507813,29.1082763671875,sxkdqk,56,159,106,60
2024-01-01 15:00:00,41.2014770507813,29.1082763671875,sxkdqk,72,158,105,59
2024-01-01 16:00:00,41.2014770507813,29.1082763671875,sxkdqk,73,155,104,84
2024-01-01 17:00:00,41.2014770507813,29.1082763671875,sxkdqk,74,155,104,84
2024-01-01 18:00:00,41.2014770507813,29.1082763671875,sxkdqk,70,160,103,78
2024-01-01 19:00:00,41.2014770507813,29.1082763671875,sxkdqk,64,168,98,91
2024-01-01 20:00:00,41.2014770507813,29.1082763671875,sxkdqk,73,143,97,87
2024-01-01 21:00:00,41.2014770507813,29.1082763671875,sxkdqk,62,144,93,87
2024-01-01 22:00:00,41.2014770507813,29.1082763671875,sxkdqk,67,152,92,86
2024-01-01 23:00:00,41.2014770507813,29.1082763671875,sxkdqk,58,138,86,67
2024-01-03 00:00:00,41.2014770507813,29.1082763671875,sxkdqk,71,144,90,103
2024-01-03 01:00:00,41.2014770507813,29.1082763671875,sxkdqk,48,129,85,99
2024-01-03 02:00:00,41.2014770507813,29.1082763671875,sxkdqk,70,128,85,69
2024-01-03 03:00:00,41.2014770507813,29.1082763671875,sxkdqk,62,112,83,52
2024-01-03 04:00:00,41.2014770507813,29.1082763671875,sxkdqk,67,111,84,73
2024-01-03 05:00:00,41.2014770507813,29.1082763671875,sxkdqk,49,153,86,62
2024-01-03 06:00:00,41.2014770507813,29.1082763671875,sxkdqk,67,107,87,22
2024-01-03 07:00:00,41.2014770507813,29.1082763671875,sxkdqk,55,152,104,24
2024-01-03 08:00:00,41.2014770507813,29.1082763671875,sxkdqk,69,148,105,51
2024-01-03 09:00:00,41.2014770507813,29.1082763671875,sxkdqk,63,154,96,62
2024-01-03 10:00:00,41.2014770507813,29.1082763671875,sxkdqk,65,133,89,86
2024-01-03 11:00:00,41.2014770507813,29.1082763671875,sxkdqk,62,146,90,67
2024-01-03 12:00:00,41.2014770507813,29.1082763671875,sxkdqk,52,154,89,72
2024-01-03 13:00:00,41.2014770507813,29.1082763671875,sxkdqk,74,134,90,41
2024-01-03 14:00:00,41.2014770507813,29.1082763671875,sxkdqk,66,166,90,41
2024-01-03 15:00:00,41.2014770507813,29.1082763671875,sxkdqk,63,154,89,61
2024-01-03 16:00:00,41.2014770507813,29.1082763671875,sxkdqk,69,156,99,52
2024-01-03 17:00:00,41.2014770507813,29.1082763671875,sxkdqk,62,131,97,60
2024-01-03 18:00:00,41.2014770507813,29.1082763671875,sxkdqk,65,140,93,80
2024-01-03 19:00:00,41.2014770507813,29.1082763671875,sxkdqk,55,148,92,151
2024-01-03 20:00:00,41.2014770507813,29.1082763671875,sxkdqk,64,150,87,129
2024-01-03 21:00:00,41.2014770507813,29.1082763671875,sxkdqk,52,131,84,131
2024-01-03 22:00:00,41.2014770507813,29.1082763671875,sxkdqk,53,134,86,91
2024-01-03 23:00:00,41.2014770507813,29.1082763671875,sxkdqk,67,141,86,97
2024-01-04 00:00:00,41.2014770507813,29.1082763671875,sxkdqk,60,154,86,99
2024-01-04 01:00:00,41.2014770507813,29.1082763671875,sxkdqk,48,149,84,88
2024-01-04 02:00:00,41.2014770507813,29.1082763671875,sxkdqk,58,108,84,73
2024-01-04 03:00:00,41.2014770507813,29.1082763671875,sxkdqk,58,111,84,72
2024-01-04 04:00:00,41.2014770507813,29.1082763671875,sxkdqk,66,113,82,57
2024-01-04 05:00:00,41.2014770507813,29.1082763671875,sxkdqk,49,131,88,71
2024-01-04 06:00:00,41.2014770507813,29.1082763671875,sxkdqk,62,149,88,72
2024-01-04 07:00:00,41.2014770507813,29.1082763671875,sxkdqk,69,147,98,41
2024-01-04 08:00:00,41.2014770507813,29.1082763671875,sxkdqk,70,152,103,59
2024-01-04 09:00:00,41.2014770507813,29.1082763671875,sxkdqk,60,145,97,55
2024-01-04 10:00:00,41.2014770507813,29.1082763671875,sxkdqk,70,151,92,39
2024-01-04 11:00:00,41.2014770507813,29.1082763671875,sxkdqk,73,148,95,78
2024-01-04 12:00:00,41.2014770507813,29.1082763671875,sxkdqk,62,142,88,78
2024-01-04 13:00:00,41.2014770507813,29.1082763671875,sxkdqk,69,136,86,65
2024-01-04 14:00:00,41.2014770507813,29.1082763671875,sxkdqk,66,142,90,42
2024-01-04 15:00:00,41.2014770507813,29.1082763671875,sxkdqk,65,128,89,26
2024-01-04 16:00:00,41.2014770507813,29.1082763671875,sxkdqk,66,149,98,42
2024-01-04 17:00:00,41.2014770507813,29.1082763671875,sxkdqk,74,151,94,51
2024-01-04 18:00:00,41.2014770507813,29.1082763671875,sxkdqk,56,134,95,61
2024-01-04 19:00:00,41.2014770507813,29.1082763671875,sxkdqk,62,140,94,67
2024-01-04 20:00:00,41.2014770507813,29.1082763671875,sxkdqk,55,165,91,81
2024-01-04 21:00:00,41.2014770507813,29.1082763671875,sxkdqk,57,122,86,96
2024-01-04 22:00:00,41.2014770507813,29.1082763671875,sxkdqk,60,131,84,87
2024-01-04 23:00:00,41.2014770507813,29.1082763671875,sxkdqk,61,124,86,98
2024-01-05 00:00:00,41.2014770507813,29.1082763671875,sxkdqk,60,108,84,136
2024-01-05 01:00:00,41.2014770507813,29.1082763671875,sxkdqk,53,123,85,98
2024-01-05 02:00:00,41.2014770507813,29.1082763671875,sxkdqk,70,117,85,75
2024-01-05 03:00:00,41.2014770507813,29.1082763671875,sxkdqk,65,141,85,71
2024-01-05 04:00:00,41.2014770507813,29.1082763671875,sxkdqk,65,118,87,63
2024-01-05 05:00:00,41.2014770507813,29.1082763671875,sxkdqk,55,114,86,92
2024-01-05 06:00:00,41.2014770507813,29.1082763671875,sxkdqk,53,139,88,69
2024-01-05 07:00:00,41.2014770507813,29.1082763671875,sxkdqk,61,157,95,54
2024-01-05 08:00:00,41.2014770507813,29.1082763671875,sxkdqk,74,129,96,32
2024-01-05 09:00:00,41.2014770507813,29.1082763671875,sxkdqk,65,145,95,50
2024-01-05 10:00:00,41.2014770507813,29.1082763671875,sxkdqk,62,134,89,62
2024-01-05 11:00:00,41.2014770507813,29.1082763671875,sxkdqk,66,125,90,65
2024-01-05 12:00:00,41.2014770507813,29.1082763671875,sxkdqk,59,134,91,64
2024-01-05 13:00:00,41.2014770507813,29.1082763671875,sxkdqk,66,129,88,74
2024-01-05 14:00:00,41.2014770507813,29.1082763671875,sxkdqk,55,134,87,54
2024-01-05 15:00:00,41.2014770507813,29.1082763671875,sxkdqk,73,125,92,33
2024-01-05 16:00:00,41.2014770507813,29.1082763671875,sxkdqk,67,148,92,51
2024-01-05 17:00:00,41.2014770507813,29.1082763671875,sxkdqk,67,149,100,74
2024-01-05 18:00:00,41.2014770507813,29.1082763671875,sxkdqk,60,135,93,102
2024-01-05 19:00:00,41.2014770507813,29.1082763671875,sxkdqk,57,151,93,104
2024-01-05 20:00:00,41.2014770507813,29.1082763671875,sxkdqk,58,148,89,125
2024-01-05 21:00:00,41.2014770507813,29.1082763671875,sxkdqk,55,150,88,127
2024-01-05 22:00:00,41.2014770507813,29.1082763671875,sxkdqk,63,155,88,101
2024-01-05 23:00:00,41.2014770507813,29.1082763671875,sxkdqk,54,137,86,108
2024-01-06 00:00:00,41.2014770507813,29.1082763671875,sxkdqk,48,124,85,103
2024-01-06 01:00:00,41.2014770507813,29.1082763671875,sxkdqk,54,134,84,97
2024-01-06 02:00:00,41.2014770507813,29.1082763671875,sxkdqk,58,113,85,75
2024-01-06 03:00:00,41.2014770507813,29.1082763671875,sxkdqk,65,146,87,50
2024-01-06 04:00:00,41.2014770507813,29.1082763671875,sxkdqk,68,115,83,59
2024-01-06 05:00:00,41.2014770507813,29.1082763671875,sxkdqk,68,151,89,61
2024-01-06 06:00:00,41.2014770507813,29.1082763671875,sxkdqk,64,138,85,62
2024-01-06 07:00:00,41.2014770507813,29.1082763671875,sxkdqk,60,126,89,62
2024-01-06 08:00:00,41.2014770507813,29.1082763671875,sxkdqk,65,133,87,65
2024-01-06 09:00:00,41.2014770507813,29.1082763671875,sxkdqk,64,138,87,77
2024-01-06 10:00:00,41.2014770507813,29.1082763671875,sxkdqk,57,136,87,70
2024-01-06 11:00:00,41.2014770507813,29.1082763671875,sxkdqk,61,131,88,78
2024-01-06 12:00:00,41.2014770507813,29.1082763671875,sxkdqk,52,182,88,105
2024-01-06 13:00:00,41.2014770507813,29.1082763671875,sxkdqk,63,131,90,104
2024-01-06 14:00:00,41.2014770507813,29.1082763671875,sxkdqk,63,154,89,88
2024-01-06 15:00:00,41.2014770507813,29.1082763671875,sxkdqk,58,134,87,101
2024-01-06 16:00:00,41.2014770507813,29.1082763671875,sxkdqk,60,146,91,114
2024-01-06 17:00:00,41.2014770507813,29.1082763671875,sxkdqk,63,142,93,118
2024-01-06 18:00:00,41.2014770507813,29.1082763671875,sxkdqk,54,170,93,111
2024-01-06 19:00:00,41.2014770507813,29.1082763671875,sxkdqk,67,174,97,92
2024-01-06 20:00:00,41.2014770507813,29.1082763671875,sxkdqk,55,137,92,68
2024-01-06 21:00:00,41.2014770507813,29.1082763671875,sxkdqk,71,158,93,72
2024-01-06 22:00:00,41.2014770507813,29.1082763671875,sxkdqk,72,158,90,68
2024-01-06 23:00:00,41.2014770507813,29.1082763671875,sxkdqk,60,136,94,54
2024-01-07 00:00:00,41.2014770507813,29.1082763671875,sxkdqk,72,118,92,52
2024-01-07 01:00:00,41.2014770507813,29.1082763671875,sxkdqk,55,147,92,42
2024-01-07 02:00:00,41.2014770507813,29.1082763671875,sxkdqk,72,148,91,27
2024-01-07 03:00:00,41.2014770507813,29.1082763671875,sxkdqk,68,90,85,13
2024-01-07 04:00:00,41.2014770507813,29.1082763671875,sxkdqk,82,117,92,14
2024-01-07 05:00:00,41.2014770507813,29.1082763671875,sxkdqk,70,150,94,29
2024-01-07 06:00:00,41.2014770507813,29.1082763671875,sxkdqk,69,111,96,23
2024-01-07 07:00:00,41.2014770507813,29.1082763671875,sxkdqk,72,112,92,41
2024-01-07 08:00:00,41.2014770507813,29.1082763671875,sxkdqk,66,158,92,37
2024-01-07 09:00:00,41.2014770507813,29.1082763671875,sxkdqk,59,132,92,25
2024-01-07 10:00:00,41.2014770507813,29.1082763671875,sxkdqk,61,129,91,37
2024-01-07 11:00:00,41.2014770507813,29.1082763671875,sxkdqk,62,123,91,55
2024-01-07 12:00:00,41.2014770507813,29.1082763671875,sxkdqk,54,150,90,85
2024-01-07 13:00:00,41.2014770507813,29.1082763671875,sxkdqk,60,152,89,67
2024-01-07 14:00:00,41.2014770507813,29.1082763671875,sxkdqk,55,149,93,65
2024-01-07 15:00:00,41.2014770507813,29.1082763671875,sxkdqk,66,145,99,77
2024-01-07 16:00:00,41.2014770507813,29.1082763671875,sxkdqk,71,163,100,74
2024-01-07 17:00:00,41.2014770507813,29.1082763671875,sxkdqk,71,163,99,81
2024-01-07 18:00:00,41.2014770507813,29.1082763671875,sxkdqk,67,148,95,73
2024-01-07 19:00:00,41.2014770507813,29.1082763671875,sxkdqk,63,133,93,91
2024-01-07 20:00:00,41.2014770507813,29.1082763671875,sxkdqk,55,148,87,101
2024-01-07 21:00:00,41.2014770507813,29.1082763671875,sxkdqk,65,160,91,96
2024-01-07 22:00:00,41.2014770507813,29.1082763671875,sxkdqk,52,132,84,112
2024-01-07 23:00:00,41.2014770507813,29.1082763671875,sxkdqk,52,133,83,115
2024-01-01 00:00:00,41.0037231445313,28.9874267578125,sxk978,2,58,15,32
2024-01-01 01:00:00,41.0037231445313,28.9874267578125,sxk978,6,72,41,16
2024-01-01 02:00:00,41.0037231445313,28.9874267578125,sxk978,10,83,49,9
2024-01-01 03:00:00,41.0037231445313,28.9874267578125,sxk978,10,60,44,6
2024-01-01 04:00:00,41.0037231445313,28.9874267578125,sxk978,4,80,31,8
2024-01-01 05:00:00,41.0037231445313,28.9874267578125,sxk978,11,53,29,5
2024-01-01 06:00:00,41.0037231445313,28.9874267578125,sxk978,7,66,34,4
2024-01-01 07:00:00,41.0037231445313,28.9874267578125,sxk978,5,60,17,6
2024-01-01 08:00:00,41.0037231445313,28.9874267578125,sxk978,12,69,42,14
2024-01-01 09:00:00,41.0037231445313,28.9874267578125,sxk978,8,70,23,10
2024-01-01 10:00:00,41.0037231445313,28.9874267578125,sxk978,6,64,36,18
2024-01-01 11:00:00,41.0037231445313,28.9874267578125,sxk978,2,74,30,23
2024-01-01 12:00:00,41.0037231445313,28.9874267578125,sxk978,3,79,36,22
2024-01-01 13:00:00,41.0037231445313,28.9874267578125,sxk978,6,72,36,31
2024-01-01 14:00:00,41.0037231445313,28.9874267578125,sxk978,4,72,37,42
2024-01-01 15:00:00,41.0037231445313,28.9874267578125,sxk978,2,67,30,46
2024-01-01 16:00:00,41.0037231445313,28.9874267578125,sxk978,3,66,31,37
2024-01-01 17:00:00,41.0037231445313,28.9874267578125,sxk978,6,66,35,40
2024-01-01 18:00:00,41.0037231445313,28.9874267578125,sxk978,2,75,33,37
2024-01-01 19:00:00,41.0037231445313,28.9874267578125,sxk978,5,71,38,39
2024-01-01 20:00:00,41.0037231445313,28.9874267578125,sxk978,7,74,35,27
2024-01-01 21:00:00,41.0037231445313,28.9874267578125,sxk978,12,84,44,15
2024-01-01 22:00:00,41.0037231445313,28.9874267578125,sxk978,2,74,37,19
2024-01-01 23:00:00,41.0037231445313,28.9874267578125,sxk978,7,78,40,17
2024-01-03 00:00:00,41.0037231445313,28.9874267578125,sxk978,17,75,46,10
2024-01-03 01:00:00,41.0037231445313,28.9874267578125,sxk978,7,70,31,12
2024-01-03 02:00:00,41.0037231445313,28.9874267578125,sxk978,13,59,32,5
2024-01-03 03:00:00,41.0037231445313,28.9874267578125,sxk978,18,77,42,4
2024-01-03 04:00:00,41.0037231445313,28.9874267578125,sxk978,11,71,40,6
2024-01-03 05:00:00,41.0037231445313,28.9874267578125,sxk978,4,65,32,13
2024-01-03 06:00:00,41.0037231445313,28.9874267578125,sxk978,23,23,23,1
2024-01-03 07:00:00,41.0037231445313,28.9874267578125,sxk978,12,58,42,13
2024-01-03 08:00:00,41.0037231445313,28.9874267578125,sxk978,2,71,33,32
2024-01-03 09:00:00,41.0037231445313,28.9874267578125,sxk978,2,88,52,21
2024-01-03 10:00:00,41.0037231445313,28.9874267578125,sxk978,14,76,49,23
2024-01-03 11:00:00,41.0037231445313,28.9874267578125,sxk978,3,76,40,23
2024-01-03 12:00:00,41.0037231445313,28.9874267578125,sxk978,9,75,45,11
2024-01-03 13:00:00,41.0037231445313,28.9874267578125,sxk978,10,64,39,13
2024-01-03 14:00:00,41.0037231445313,28.9874267578125,sxk978,7,75,40,13
2024-01-03 15:00:00,41.0037231445313,28.9874267578125,sxk978,16,67,38,11
2024-01-03 16:00:00,41.0037231445313,28.9874267578125,sxk978,5,76,38,19
2024-01-03 17:00:00,41.0037231445313,28.9874267578125,sxk978,11,78,46,10
2024-01-03 18:00:00,41.0037231445313,28.9874267578125,sxk978,13,57,35,9
2024-01-03 19:00:00,41.0037231445313,28.9874267578125,sxk978,8,81,43,15
2024-01-03 20:00:00,41.0037231445313,28.9874267578125,sxk978,5,84,40,23
2024-01-03 21:00:00,41.0037231445313,28.9874267578125,sxk978,1,87,39,19
2024-01-03 22:00:00,41.0037231445313,28.9874267578125,sxk978,7,74,35,25
2024-01-03 23:00:00,41.0037231445313,28.9874267578125,sxk978,2,62,33,14
2024-01-04 00:00:00,41.0037231445313,28.9874267578125,sxk978,9,68,46,11
2024-01-04 01:00:00,41.0037231445313,28.9874267578125,sxk978,16,81,48,9
2024-01-04 02:00:00,41.0037231445313,28.9874267578125,sxk978,10,72,39,10
2024-01-04 03:00:00,41.0037231445313,28.9874267578125,sxk978,6,75,38,8
2024-01-04 04:00:00,41.0037231445313,28.9874267578125,sxk978,6,68,37,8
2024-01-04 05:00:00,41.0037231445313,28.9874267578125,sxk978,3,97,41,15
2024-01-04 06:00:00,41.0037231445313,28.9874267578125,sxk978,8,70,41,13
2024-01-04 07:00:00,41.0037231445313,28.9874267578125,sxk978,20,85,49,23
2024-01-04 08:00:00,41.0037231445313,28.9874267578125,sxk978,2,78,43,28
2024-01-04 09:00:00,41.0037231445313,28.9874267578125,sxk978,8,67,38,22
2024-01-04 10:00:00,41.0037231445313,28.9874267578125,sxk978,17,52,32,9
2024-01-04 11:00:00,41.0037231445313,28.9874267578125,sxk978,4,80,43,25
2024-01-04 12:00:00,41.0037231445313,28.9874267578125,sxk978,3,85,37,13
2024-01-04 13:00:00,41.0037231445313,28.9874267578125,sxk978,6,82,39,24
2024-01-04 14:00:00,41.0037231445313,28.9874267578125,sxk978,2,64,38,13
2024-01-04 15:00:00,41.0037231445313,28.9874267578125,sxk978,18,54,31,2
2024-01-04 16:00:00,41.0037231445313,28.9874267578125,sxk978,2,76,42,12
2024-01-04 17:00:00,41.0037231445313,28.9874267578125,sxk978,11,76,35,13
2024-01-04 18:00:00,41.0037231445313,28.9874267578125,sxk978,4,56,28,12
2024-01-04 19:00:00,41.0037231445313,28.9874267578125,sxk978,5,62,40,10
2024-01-04 20:00:00,41.0037231445313,28.9874267578125,sxk978,7,74,42,17
2024-01-04 21:00:00,41.0037231445313,28.9874267578125,sxk978,20,62,40,10
2024-01-04 22:00:00,41.0037231445313,28.9874267578125,sxk978,2,92,38,20
2024-01-04 23:00:00,41.0037231445313,28.9874267578125,sxk978,6,79,37,20
2024-01-05 00:00:00,41.0037231445313,28.9874267578125,sxk978,16,68,43,10
2024-01-05 01:00:00,41.0037231445313,28.9874267578125,sxk978,11,60,44,8
2024-01-05 02:00:00,41.0037231445313,28.9874267578125,sxk978,7,90,51,8
2024-01-05 03:00:00,41.0037231445313,28.9874267578125,sxk978,9,55,29,3
2024-01-05 04:00:00,41.0037231445313,28.9874267578125,sxk978,10,78,44,11
2024-01-05 05:00:00,41.0037231445313,28.9874267578125,sxk978,7,79,41,11
2024-01-05 06:00:00,41.0037231445313,28.9874267578125,sxk978,15,74,47,11
2024-01-05 07:00:00,41.0037231445313,28.9874267578125,sxk978,6,78,45,34
2024-01-05 08:00:00,41.0037231445313,28.9874267578125,sxk978,4,68,39,14
2024-01-05 09:00:00,41.0037231445313,28.9874267578125,sxk978,11,62,36,19
2024-01-05 10:00:00,41.0037231445313,28.9874267578125,sxk978,7,71,33,24
2024-01-05 11:00:00,41.0037231445313,28.9874267578125,sxk978,7,80,40,18
2024-01-05 12:00:00,41.0037231445313,28.9874267578125,sxk978,13,69,41,19
2024-01-05 13:00:00,41.0037231445313,28.9874267578125,sxk978,10,76,39,33
2024-01-05 14:00:00,41.0037231445313,28.9874267578125,sxk978,10,74,41,14
2024-01-05 15:00:00,41.0037231445313,28.9874267578125,sxk978,9,76,37,8
2024-01-05 16:00:00,41.0037231445313,28.9874267578125,sxk978,13,57,36,10
2024-01-05 17:00:00,41.0037231445313,28.9874267578125,sxk978,16,62,41,7
2024-01-05 18:00:00,41.0037231445313,28.9874267578125,sxk978,8,53,37,11
2024-01-05 19:00:00,41.0037231445313,28.9874267578125,sxk978,8,74,37,19
2024-01-05 20:00:00,41.0037231445313,28.9874267578125,sxk978,10,80,45,25
2024-01-05 21:00:00,41.0037231445313,28.9874267578125,sxk978,5,84,35,33
2024-01-05 22:00:00,41.0037231445313,28.9874267578125,sxk978,7,77,38,25
2024-01-05 23:00:00,41.0037231445313,28.9874267578125,sxk978,4,75,40,23
2024-01-06 00:00:00,41.0037231445313,28.9874267578125,sxk978,11,72,42,15
2024-01-06 01:00:00,41.0037231445313,28.9874267578125,sxk978,3,62,31,5
2024-01-06 02:00:00,41.0037231445313,28.9874267578125,sxk978,17,69,44,7
2024-01-06 03:00:00,41.0037231445313,28.9874267578125,sxk978,10,81,45,5
2024-01-06 04:00:00,41.0037231445313,28.9874267578125,sxk978,17,66,38,6
2024-01-06 05:00:00,41.0037231445313,28.9874267578125,sxk978,25,65,47,10
2024-01-06 06:00:00,41.0037231445313,28.9874267578125,sxk978,11,76,45,7
2024-01-06 07:00:00,41.0037231445313,28.9874267578125,sxk978,11,77,38,14
2024-01-06 08:00:00,41.0037231445313,28.9874267578125,sxk978,6,72,38,21
2024-01-06 09:00:00,41.0037231445313,28.9874267578125,sxk978,5,74,36,36
2024-01-06 10:00:00,41.0037231445313,28.9874267578125,sxk978,3,82,36,35
2024-01-06 11:00:00,41.0037231445313,28.9874267578125,sxk978,6,66,37,29
2024-01-06 12:00:00,41.0037231445313,28.9874267578125,sxk978,11,73,43,28
2024-01-06 13:00:00,41.0037231445313,28.9874267578125,sxk978,6,81,32,33
2024-01-06 14:00:00,41.0037231445313,28.9874267578125,sxk978,7,75,38,31
2024-01-06 15:00:00,41.0037231445313,28.9874267578125,sxk978,2,88,33,22
2024-01-06 16:00:00,41.0037231445313,28.9874267578125,sxk978,4,70,38,21
2024-01-06 17:00:00,41.0037231445313,28.9874267578125,sxk978,5,68,32,36
2024-01-06 18:00:00,41.0037231445313,28.9874267578125,sxk978,6,74,34,32
2024-01-06 19:00:00,41.0037231445313,28.9874267578125,sxk978,5,73,36,36
2024-01-06 20:00:00,41.0037231445313,28.9874267578125,sxk978,5,67,34,28
2024-01-06 21:00:00,41.0037231445313,28.9874267578125,sxk978,4,69,36,23
2024-01-06 22:00:00,41.0037231445313,28.9874267578125,sxk978,2,69,37,31
2024-01-06 23:00:00,41.0037231445313,28.9874267578125,sxk978,7,71,35,26
2024-01-07 00:00:00,41.0037231445313,28.9874267578125,sxk978,5,70,41,14
2024-01-07 01:00:00,41.0037231445313,28.9874267578125,sxk978,10,81,42,16
2024-01-07 02:00:00,41.0037231445313,28.9874267578125,sxk978,3,70,38,7
2024-01-07 03:00:00,41.0037231445313,28.9874267578125,sxk978,4,66,34,4
2024-01-07 04:00:00,41.0037231445313,28.9874267578125,sxk978,20,61,39,7
2024-01-07 05:00:00,41.0037231445313,28.9874267578125,sxk978,4,63,28,15
2024-01-07 06:00:00,41.0037231445313,28.9874267578125,sxk978,10,68,37,12
2024-01-07 07:00:00,41.0037231445313,28.9874267578125,sxk978,9,66,37,11
2024-01-07 08:00:00,41.0037231445313,28.9874267578125,sxk978,6,62,34,26
2024-01-07 09:00:00,41.0037231445313,28.9874267578125,sxk978,6,60,33,30
2024-01-07 10:00:00,41.0037231445313,28.9874267578125,sxk978,4,61,32,16
2024-01-07 11:00:00,41.0037231445313,28.9874267578125,sxk978,3,74,32,39
2024-01-07 12:00:00,41.0037231445313,28.9874267578125,sxk978,6,69,35,26
2024-01-07 13:00:00,41.0037231445313,28.9874267578125,sxk978,5,75,36,26
2024-01-07 14:00:00,41.0037231445313,28.9874267578125,sxk978,16,67,40,24
2024-01-07 15:00:00,41.0037231445313,28.9874267578125,sxk978,2,81,33,33
2024-01-07 16:00:00,41.0037231445313,28.9874267578125,sxk978,6,75,36,30
2024-01-07 17:00:00,41.0037231445313,28.9874267578125,sxk978,5,70,38,27
2024-01-07 18:00:00,41.0037231445313,28.9874267578125,sxk978,8,61,35,24
2024-01-07 19:00:00,41.0037231445313,28.9874267578125,sxk978,7,86,40,28
2024-01-07 20:00:00,41.0037231445313,28.9874267578125,sxk978,5,80,36,17
2024-01-07 21:00:00,41.0037231445313,28.9874267578125,sxk978,7,76,40,22
2024-01-07 22:00:00,41.0037231445313,28.9874267578125,sxk978,3,71,40,19
2024-01-07 23:00:00,41.0037231445313,28.9874267578125,sxk978,4,77,41,11
2024-01-01 00:00:00,41.0037231445313,28.9544677734375,sxk96b,2,120,38,92
2024-01-01 01:00:00,41.0037231445313,28.9544677734375,sxk96b,3,110,48,105
2024-01-01 02:00:00,41.0037231445313,28.9544677734375,sxk96b,2,100,43,72
2024-01-01 03:00:00,41.0037231445313,28.9544677734375,sxk96b,7,110,48,74
2024-01-01 04:00:00,41.0037231445313,28.9544677734375,sxk96b,2,124,44,72
2024-01-01 05:00:00,41.0037231445313,28.9544677734375,sxk96b,2,123,39,113
2024-01-01 06:00:00,41.0037231445313,28.9544677734375,sxk96b,1,121,33,175
2024-01-01 07:00:00,41.0037231445313,28.9544677734375,sxk96b,2,117,33,191
2024-01-01 08:00:00,41.0037231445313,28.9544677734375,sxk96b,3,105,42,135
2024-01-01 09:00:00,41.0037231445313,28.9544677734375,sxk96b,2,107,46,113
2024-01-01 10:00:00,41.0037231445313,28.9544677734375,sxk96b,3,119,49,142
2024-01-01 11:00:00,41.0037231445313,28.9544677734375,sxk96b,2,123,46,181
2024-01-01 12:00:00,41.0037231445313,28.9544677734375,sxk96b,7,110,52,95
2024-01-01 13:00:00,41.0037231445313,28.9544677734375,sxk96b,7,109,52,141
2024-01-01 14:00:00,41.0037231445313,28.9544677734375,sxk96b,1,112,41,216
2024-01-01 15:00:00,41.0037231445313,28.9544677734375,sxk96b,1,107,33,221
2024-01-01 16:00:00,41.0037231445313,28.9544677734375,sxk96b,2,111,33,198
2024-01-01 17:00:00,41.0037231445313,28.9544677734375,sxk96b,1,129,37,206
2024-01-01 18:00:00,41.0037231445313,28.9544677734375,sxk96b,4,105,51,152
2024-01-01 19:00:00,41.0037231445313,28.9544677734375,sxk96b,5,104,53,152
2024-01-01 20:00:00,41.0037231445313,28.9544677734375,sxk96b,6,116,55,142
2024-01-01 21:00:00,41.0037231445313,28.9544677734375,sxk96b,6,110,56,129
2024-01-01 22:00:00,41.0037231445313,28.9544677734375,sxk96b,3,118,56,97
2024-01-01 23:00:00,41.0037231445313,28.9544677734375,sxk96b,8,127,55,61
2024-01-03 00:00:00,41.0037231445313,28.9544677734375,sxk96b,16,146,57,41
2024-01-03 01:00:00,41.0037231445313,28.9544677734375,sxk96b,7,89,52,32
2024-01-03 02:00:00,41.0037231445313,28.9544677734375,sxk96b,4,105,46,20
2024-01-03 03:00:00,41.0037231445313,28.9544677734375,sxk96b,7,80,35,20
2024-01-03 04:00:00,41.0037231445313,28.9544677734375,sxk96b,12,95,46,23
2024-01-03 05:00:00,41.0037231445313,28.9544677734375,sxk96b,5,94,48,36
2024-01-03 06:00:00,41.0037231445313,28.9544677734375,sxk96b,12,100,39,12
2024-01-03 07:00:00,41.0037231445313,28.9544677734375,sxk96b,12,109,59,132
2024-01-03 08:00:00,41.0037231445313,28.9544677734375,sxk96b,4,102,57,174
2024-01-03 09:00:00,41.0037231445313,28.9544677734375,sxk96b,1,115,55,184
2024-01-03 10:00:00,41.0037231445313,28.9544677734375,sxk96b,3,119,45,199
2024-01-03 11:00:00,41.0037231445313,28.9544677734375,sxk96b,3,110,46,151
2024-01-03 12:00:00,41.0037231445313,28.9544677734375,sxk96b,2,110,53,95
2024-01-03 13:00:00,41.0037231445313,28.9544677734375,sxk96b,2,105,51,97
2024-01-03 14:00:00,41.0037231445313,28.9544677734375,sxk96b,3,117,53,116
2024-01-03 15:00:00,41.0037231445313,28.9544677734375,sxk96b,4,111,46,154
2024-01-03 16:00:00,41.0037231445313,28.9544677734375,sxk96b,2,108,30,158
2024-01-03 17:00:00,41.0037231445313,28.9544677734375,sxk96b,2,98,27,177
2024-01-03 18:00:00,41.0037231445313,28.9544677734375,sxk96b,2,95,25,145
2024-01-03 19:00:00,41.0037231445313,28.9544677734375,sxk96b,1,106,38,189
2024-01-03 20:00:00,41.0037231445313,28.9544677734375,sxk96b,7,112,55,158
2024-01-03 21:00:00,41.0037231445313,28.9544677734375,sxk96b,5,115,56,128
2024-01-03 22:00:00,41.0037231445313,28.9544677734375,sxk96b,7,141,60,91
2024-01-03 23:00:00,41.0037231445313,28.9544677734375,sxk96b,6,116,52,65
2024-01-04 00:00:00,41.0037231445313,28.9544677734375,sxk96b,1,104,47,49
2024-01-04 01:00:00,41.0037231445313,28.9544677734375,sxk96b,11,153,53,27
2024-01-04 02:00:00,41.0037231445313,28.9544677734375,sxk96b,3,130,50,30
2024-01-04 03:00:00,41.0037231445313,28.9544677734375,sxk96b,13,93,50,20
2024-01-04 04:00:00,41.0037231445313,28.9544677734375,sxk96b,6,141,54,24
2024-01-04 05:00:00,41.0037231445313,28.9544677734375,sxk96b,10,112,50,33
2024-01-04 06:00:00,41.0037231445313,28.9544677734375,sxk96b,4,109,56,127
2024-01-04 07:00:00,41.0037231445313,28.9544677734375,sxk96b,3,105,53,179
2024-01-04 08:00:00,41.0037231445313,28.9544677734375,sxk96b,6,113,57,183
2024-01-04 09:00:00,41.0037231445313,28.9544677734375,sxk96b,2,114,54,161
2024-01-04 10:00:00,41.0037231445313,28.9544677734375,sxk96b,2,94,46,97
2024-01-04 11:00:00,41.0037231445313,28.9544677734375,sxk96b,2,101,50,147
2024-01-04 12:00:00,41.0037231445313,28.9544677734375,sxk96b,1,106,45,144
2024-01-04 13:00:00,41.0037231445313,28.9544677734375,sxk96b,1,109,44,163
2024-01-04 14:00:00,41.0037231445313,28.9544677734375,sxk96b,1,100,50,94
2024-01-04 15:00:00,41.0037231445313,28.9544677734375,sxk96b,3,103,39,47
2024-01-04 16:00:00,41.0037231445313,28.9544677734375,sxk96b,2,112,32,110
2024-01-04 17:00:00,41.0037231445313,28.9544677734375,sxk96b,2,107,25,152
2024-01-04 18:00:00,41.0037231445313,28.9544677734375,sxk96b,2,99,24,161
2024-01-04 19:00:00,41.0037231445313,28.9544677734375,sxk96b,1,122,29,141
2024-01-04 20:00:00,41.0037231445313,28.9544677734375,sxk96b,4,108,46,139
2024-01-04 21:00:00,41.0037231445313,28.9544677734375,sxk96b,6,112,56,116
2024-01-04 22:00:00,41.0037231445313,28.9544677734375,sxk96b,1,122,55,87
2024-01-04 23:00:00,41.0037231445313,28.9544677734375,sxk96b,4,111,57,80
2024-01-05 00:00:00,41.0037231445313,28.9544677734375,sxk96b,3,134,46,50
2024-01-05 01:00:00,41.0037231445313,28.9544677734375,sxk96b,3,112,52,42
2024-01-05 02:00:00,41.0037231445313,28.9544677734375,sxk96b,7,121,53,30
2024-01-05 03:00:00,41.0037231445313,28.9544677734375,sxk96b,12,102,58,20
2024-01-05 04:00:00,41.0037231445313,28.9544677734375,sxk96b,10,115,54,26
2024-01-05 05:00:00,41.0037231445313,28.9544677734375,sxk96b,12,94,46,35
2024-01-05 06:00:00,41.0037231445313,28.9544677734375,sxk96b,7,109,59,116
2024-01-05 07:00:00,41.0037231445313,28.9544677734375,sxk96b,4,107,55,210
2024-01-05 08:00:00,41.0037231445313,28.9544677734375,sxk96b,3,110,55,123
2024-01-05 09:00:00,41.0037231445313,28.9544677734375,sxk96b,2,112,54,142
2024-01-05 10:00:00,41.0037231445313,28.9544677734375,sxk96b,9,99,52,134
2024-01-05 11:00:00,41.0037231445313,28.9544677734375,sxk96b,2,103,49,116
2024-01-05 12:00:00,41.0037231445313,28.9544677734375,sxk96b,2,119,48,150
2024-01-05 13:00:00,41.0037231445313,28.9544677734375,sxk96b,2,110,49,191
2024-01-05 14:00:00,41.0037231445313,28.9544677734375,sxk96b,1,112,38,139
2024-01-05 15:00:00,41.0037231445313,28.9544677734375,sxk96b,1,92,30,103
2024-01-05 16:00:00,41.0037231445313,28.9544677734375,sxk96b,2,96,29,133
2024-01-05 17:00:00,41.0037231445313,28.9544677734375,sxk96b,2,101,24,191
2024-01-05 18:00:00,41.0037231445313,28.9544677734375,sxk96b,2,94,25,176
2024-01-05 19:00:00,41.0037231445313,28.9544677734375,sxk96b,3,112,29,177
2024-01-05 20:00:00,41.0037231445313,28.9544677734375,sxk96b,1,108,44,171
2024-01-05 21:00:00,41.0037231445313,28.9544677734375,sxk96b,4,114,55,154
2024-01-05 22:00:00,41.0037231445313,28.9544677734375,sxk96b,6,113,53,108
2024-01-05 23:00:00,41.0037231445313,28.9544677734375,sxk96b,6,119,56,91
2024-01-06 00:00:00,41.0037231445313,28.9544677734375,sxk96b,3,134,50,69
2024-01-06 01:00:00,41.0037231445313,28.9544677734375,sxk96b,9,99,48,57
2024-01-06 02:00:00,41.0037231445313,28.9544677734375,sxk96b,7,111,49,44
2024-01-06 03:00:00,41.0037231445313,28.9544677734375,sxk96b,6,141,52,33
2024-01-06 04:00:00,41.0037231445313,28.9544677734375,sxk96b,20,98,52,28
2024-01-06 05:00:00,41.0037231445313,28.9544677734375,sxk96b,8,106,44,38
2024-01-06 06:00:00,41.0037231445313,28.9544677734375,sxk96b,6,106,49,39
2024-01-06 07:00:00,41.0037231445313,28.9544677734375,sxk96b,7,107,46,84
2024-01-06 08:00:00,41.0037231445313,28.9544677734375,sxk96b,1,113,53,114
2024-01-06 09:00:00,41.0037231445313,28.9544677734375,sxk96b,2,131,53,167
2024-01-06 10:00:00,41.0037231445313,28.9544677734375,sxk96b,4,105,53,150
2024-01-06 11:00:00,41.0037231445313,28.9544677734375,sxk96b,4,98,49,126
2024-01-06 12:00:00,41.0037231445313,28.9544677734375,sxk96b,4,112,50,167
2024-01-06 13:00:00,41.0037231445313,28.9544677734375,sxk96b,3,118,37,240
2024-01-06 14:00:00,41.0037231445313,28.9544677734375,sxk96b,3,141,44,196
2024-01-06 15:00:00,41.0037231445313,28.9544677734375,sxk96b,2,98,31,190
2024-01-06 16:00:00,41.0037231445313,28.9544677734375,sxk96b,2,113,28,189
2024-01-06 17:00:00,41.0037231445313,28.9544677734375,sxk96b,1,106,31,234
2024-01-06 18:00:00,41.0037231445313,28.9544677734375,sxk96b,1,105,38,213
2024-01-06 19:00:00,41.0037231445313,28.9544677734375,sxk96b,2,109,46,198
2024-01-06 20:00:00,41.0037231445313,28.9544677734375,sxk96b,3,110,53,161
2024-01-06 21:00:00,41.0037231445313,28.9544677734375,sxk96b,3,116,50,140
2024-01-06 22:00:00,41.0037231445313,28.9544677734375,sxk96b,6,106,53,136
2024-01-06 23:00:00,41.0037231445313,28.9544677734375,sxk96b,7,137,54,108
2024-01-07 00:00:00,41.0037231445313,28.9544677734375,sxk96b,2,113,47,91
2024-01-07 01:00:00,41.0037231445313,28.9544677734375,sxk96b,4,106,47,69
2024-01-07 02:00:00,41.0037231445313,28.9544677734375,sxk96b,12,103,50,29
2024-01-07 03:00:00,41.0037231445313,28.9544677734375,sxk96b,6,129,46,35
2024-01-07 04:00:00,41.0037231445313,28.9544677734375,sxk96b,8,95,48,29
2024-01-07 05:00:00,41.0037231445313,28.9544677734375,sxk96b,8,122,46,27
2024-01-07 06:00:00,41.0037231445313,28.9544677734375,sxk96b,6,107,49,29
2024-01-07 07:00:00,41.0037231445313,28.9544677734375,sxk96b,8,86,43,38
2024-01-07 08:00:00,41.0037231445313,28.9544677734375,sxk96b,1,115,51,85
2024-01-07 09:00:00,41.0037231445313,28.9544677734375,sxk96b,2,110,51,67
2024-01-07 10:00:00,41.0037231445313,28.9544677734375,sxk96b,5,101,49,73
2024-01-07 11:00:00,41.0037231445313,28.9544677734375,sxk96b,12,103,55,136
2024-01-07 12:00:00,41.0037231445313,28.9544677734375,sxk96b,2,91,50,149
2024-01-07 13:00:00,41.0037231445313,28.9544677734375,sxk96b,2,124,50,148
2024-01-07 14:00:00,41.0037231445313,28.9544677734375,sxk96b,2,99,51,175
2024-01-07 15:00:00,41.0037231445313,28.9544677734375,sxk96b,2,120,51,203
2024-01-07 16:00:00,41.0037231445313,28.9544677734375,sxk96b,2,104,49,170
2024-01-07 17:00:00,41.0037231445313,28.9544677734375,sxk96b,4,110,51,159
2024-01-07 18:00:00,41.0037231445313,28.9544677734375,sxk96b,4,104,50,149
2024-01-07 19:00:00,41.0037231445313,28.9544677734375,sxk96b,4,106,53,169
2024-01-07 20:00:00,41.0037231445313,28.9544677734375,sxk96b,3,104,52,131
2024-01-07 21:00:00,41.0037231445313,28.9544677734375,sxk96b,6,121,54,112
2024-01-07 22:00:00,41.0037231445313,28.9544677734375,sxk96b,5,106,57,112
2024-01-07 23:00:00,41.0037231445313,28.9544677734375,sxk96b,10,108,53,73
